{
	"morphs" : 
	{
		"AreolaPull_v2" : 
		{
			"value" : 0.20000000298023224
		},
		"AreolaSize" : 
		{
			"value" : 0.20000000298023224
		},
		"BreastCleavage" : 
		{
			"value" : 0.059999998658895493
		},
		"BreastGravity2" : 
		{
			"value" : -0.10000000149011612
		},
		"BreastHeight" : 
		{
			"value" : -0.05000000074505806
		},
		"BreastPerkiness" : 
		{
			"value" : -0.25
		},
		"BreastTopSlope" : 
		{
			"value" : -0.15000000596046448
		},
		"BreastWidth" : 
		{
			"value" : 0.15
		},
		"BreastsConverage_v2" : 
		{
			"value" : 0.10000000149011612
		},
		"BreastsFantasy" : 
		{
			"value" : 0.24000000059604645
		},
		"BreastsGone" : 
		{
			"value" : -0.15000000596046448
		},
		"BreastsNewSH" : 
		{
			"value" : -0.5
		},
		"BreastsNewSHSymmetry" : 
		{
			"value" : 0.0
		},
		"BreastsPressed_v2" : 
		{
			"value" : 0.05000000074505806
		},
		"BreastsSmall" : 
		{
			"value" : 0.0099999997764825821
		},
		"BreastsSmall2" : 
		{
			"value" : 0.0099999997764825821
		},
		"BreastsTogether" : 
		{
			"value" : 0.25
		},
		"DoubleMelon" : 
		{
			"value" : 0.5
		},
		"NippleDown" : 
		{
			"value" : -0.25
		},
		"NippleLength" : 
		{
			"value" : -0.10000000149011612
		},
		"NippleUp" : 
		{
			"value" : 0.34999999403953552
		},
		"PushUp" : 
		{
			"value" : 0.039999999105930328
		},
		"RoundAss" : 
		{
			"value" : 0.05000000074505806
		},
		"ShoulderSmooth" : 
		{
			"value" : -0.05000000074505806
		},
		"ShoulderWidth" : 
		{
			"value" : 0.10000000149011612
		},
		"SlimThighs" : 
		{
			"value" : 0.10000000149011612
		},
		"SternumHeight" : 
		{
			"value" : 0.40000000596046448
		},
		"TummyTuck" : 
		{
			"value" : -0.10000000149011612
		},
		"breasts" : 
		{
			"value" : 0.20000000298023224
		}
	}
}