{
	"morphs" : 
	{
		"AppleCheeks" : 
		{
			"value" : 0.25
		},
		"BigButt" : 
		{
			"value" : 0.34999999403953552
		},
		"ButtClassic" : 
		{
			"value" : 0.15000000596046448
		},
		"ButtCrack" : 
		{
			"value" : -0.25
		},
		"ButtNarrow_v2" : 
		{
			"value" : 0.5
		},
		"ButtPressed_v2" : 
		{
			"value" : 0.10000000149011612
		},
		"ButtShape2" : 
		{
			"value" : -0.30000001192092896
		},
		"ButtSmall" : 
		{
			"value" : -0.05000000074505806
		},
		"ChubbyButt" : 
		{
			"value" : -0.05000000074505806
		},
		"RoundAss" : 
		{
			"value" : 0.05000000074505806
		},
		"butt" : 
		{
			"value" : 0.10000000149011612
		}
	}
}